{
  "model_group": "M_base",
  "flops_per_token": 500000,
  "latency_ms_per_token": 2.468234284728295,
  "throughput_tokens_per_sec": 400.0,
  "total_parameters": 15000000,
  "trainable_parameters": 15000000,
  "perplexity": 8.5,
  "glue_sst2_accuracy": 0.8268711568296279
}