{
  "model_group": "M_challenge",
  "flops_per_token": 375000,
  "latency_ms_per_token": 2.3091477601642314,
  "throughput_tokens_per_sec": 434.78260869565213,
  "total_parameters": 11250000,
  "trainable_parameters": 900000,
  "perplexity": 8.925,
  "glue_sst2_accuracy": 0.8436063405793863
}