{
  "model_group": "M_CSP",
  "flops_per_token": 500000,
  "latency_ms_per_token": 2.0239839342402077,
  "throughput_tokens_per_sec": 470.5882352941177,
  "total_parameters": 15000000,
  "trainable_parameters": 15000000,
  "perplexity": 8.33,
  "glue_sst2_accuracy": 0.8283141652124004
}