{
  "model_group": "M_SDM",
  "flops_per_token": 375000,
  "latency_ms_per_token": 2.246849565952528,
  "throughput_tokens_per_sec": 444.44444444444446,
  "total_parameters": 11250000,
  "trainable_parameters": 11250000,
  "perplexity": 8.67,
  "glue_sst2_accuracy": 0.8134778748017474
}